id,categoria,variavel,valor,unidade,fonte,url,data_fonte,regiao,periodo_referencia,metodologia,confiabilidade,observacoes_limitacoes
E01,laticinios,proporcao_soro_por_kg_queijo,7-9,L soro / kg queijo,"Paula, J.C.J. et al. Adequabilidade de diferentes tipos de soros de leite para o aproveitamento em produtos lacteos. EPAMIG-ILCT (citando Walstra 2006)",https://www.epamig.br/ilct/wp-content/uploads/2020/07/ARTIGO-ADEQUABILIDADE-DE-DIFERENTES-TIPOS-DE-SORO.pdf,2017,Brasil (geral),Nao especificado (dado de referencia tecnica),Revisao de literatura tecnica,Alta (instituicao de pesquisa EPAMIG/FAPEMIG; fonte primaria citada Walstra 2006),Valor consolidado na literatura de laticinios; nao especifico de Lavras/MG
E02,laticinios,soro_percentual_volume_leite,85-90,% do volume de leite usado no queijo,"Paula, J.C.J. et al. EPAMIG-ILCT (citando Gonzalez Siso 1996; Atra et al. 2005)",https://www.epamig.br/ilct/wp-content/uploads/2020/07/ARTIGO-ADEQUABILIDADE-DE-DIFERENTES-TIPOS-DE-SORO.pdf,2017,Geral,Nao especificado,Revisao de literatura tecnica,Alta,Corrobora a faixa de 80-90% citada no relatorio do proprio projeto (INTRODUCAO)
E03,laticinios,composicao_soro_lactose,4.9,% m/m (~49 g/L),"Paula, J.C.J. et al. EPAMIG-ILCT, Tabela 2 (adaptado de Mello 1989; Fox 1997; Walstra et al. 2006)",https://www.epamig.br/ilct/wp-content/uploads/2020/07/ARTIGO-ADEQUABILIDADE-DE-DIFERENTES-TIPOS-DE-SORO.pdf,2017,Geral (leite de vaca),Nao especificado,Composicao media consolidada em literatura,Alta,Assume densidade ~1 g/mL para converter %m/m em g/L; nao e medida do soro usado neste projeto
E04,laticinios,composicao_soro_umidade,93.4,% m/m,"Paula, J.C.J. et al. EPAMIG-ILCT, Tabela 2",https://www.epamig.br/ilct/wp-content/uploads/2020/07/ARTIGO-ADEQUABILIDADE-DE-DIFERENTES-TIPOS-DE-SORO.pdf,2017,Geral,Nao especificado,Composicao media consolidada,Alta,"Consistente com ""~93% agua"" citado no relatorio do projeto"
E05,laticinios,DBO_soro_faixa,25000-120000,mg/L,"Paula, J.C.J. et al. EPAMIG-ILCT (citando Pelegrine e Carrasqueira 2008; Giraldo-Zuniga et al. 2002)",https://www.epamig.br/ilct/wp-content/uploads/2020/07/ARTIGO-ADEQUABILIDADE-DE-DIFERENTES-TIPOS-DE-SORO.pdf,2017,Geral,Nao especificado,Revisao de literatura,Alta,Usado para estimar custo evitado de tratamento de efluente
E06,laticinios,DBO_soro_valor_especifico,45000,mg/L,MilkPoint/EPAMIG - coluna Soro do queijo: residuo ou materia-prima? (citando Bylund 1995),https://www.milkpoint.com.br/colunas/ilctepamig/soro-do-queijo-residuo-ou-materiaprima-233910/,Nao determinado (coluna sem data explicita recuperada),Geral,1995 (dado original),Medicao para soro com 0.05% de gordura,"Media (fonte secundaria - coluna de opiniao tecnica, mas assinada por especialista EPAMIG/ILCT e cita fonte primaria)",Valor pontual dentro da faixa E05
E07,bioetanol,rendimento_teorico_estequiometrico,0.538,g etanol / g lactose,Calculo estequiometrico proprio (Gay-Lussac estendido: lactose + H2O -> 2 hexoses -> 4 etanol + 4 CO2),N/A - calculo proprio,N/A,N/A,N/A,Calculo direto a partir de massas molares (lactose 342.3 g/mol; etanol 46.07 g/mol; 4 mol etanol / 1 mol lactose),Alta (estequiometria pura; nao e dado experimental externo),Este e um RESULTADO CALCULADO por nos a partir de principios quimicos basicos; nao e uma citacao de terceiros
E08,bioetanol,eficiencia_fermentacao_industrial_min,80,% do rendimento teorico,Sintese de multiplos estudos sobre fermentacao de soro de leite/lactose por Kluyveromyces spp.,https://pmc.ncbi.nlm.nih.gov/articles/PMC6312371/ ; https://pmc.ncbi.nlm.nih.gov/articles/PMC10442841/ ; https://pmc.ncbi.nlm.nih.gov/articles/PMC6920800/,Varios (2010-2023),Internacional (varios paises),Varios,Fermentacao em batelada de soro/permeado de queijo com Kluyveromyces marxianus/lactis,Media (dados obtidos via resumos/abstracts indexados; texto completo nao acessado - reCAPTCHA),"Rota biologica DIFERENTE da usada no projeto (Kluyveromyces fermenta lactose direto; o projeto usa lactase + Saccharomyces cerevisiae). Serve como teto tecnico de comparacao, nao validacao direta."
E09,bioetanol,eficiencia_fermentacao_industrial_max,97,% do rendimento teorico,Mesmos estudos de E08 (maior valor reportado: 97% do rendimento teorico em 13h),https://pmc.ncbi.nlm.nih.gov/articles/PMC6920800/,2019-2023,Internacional,Varios,Fermentacao em batelada,Media (mesma ressalva de E08),Mesma ressalva de rota biologica diferente (Kluyveromyces vs. lactase+S.cerevisiae)
E10,bioetanol,concentracao_etanol_literatura,11.7-24.85,g/L,Estudos de fermentacao de soro de queijo (crude/sweet whey) por Kluyveromyces spp.,https://pmc.ncbi.nlm.nih.gov/articles/PMC6312371/,2018-2019,Internacional,Varios,Fermentacao batelada,"Media (via resumo indexado, texto completo nao acessado)",Concentracoes finais de etanol no mosto (nao no destilado); base de comparacao para nosso mosto de 160 mL
E11,bioetanol,artigo_soro_ricota_etanol_referencia,N/A,N/A,"Sansonetti, S.; Curcio, S.; Calabro, V.; Iorio, G. Bio-ethanol production by fermentation of ricotta cheese whey as an effective alternative non-vegetable source. Biomass & Bioenergy, v.33, n.12, p.1687-1692",https://doi.org/10.1016/j.biombioe.2009.09.002,2009,Italia,Dado experimental do artigo nao recuperado,Fermentacao de soro de ricota (composicao similar ao soro desproteinado deste projeto),"Nao verificavel (paywall - so o registro bibliografico foi confirmado, nao os valores numericos)","GAP: artigo diretamente relevante (soro DESPROTEINADO -> etanol, mais proximo da nossa rota que os estudos com soro integral) mas nao conseguimos acessar os valores quantitativos originais. Citado apenas como referencia identificada para eventual consulta manual."
E12,economia,preco_etanol_hidratado_CEPEA,2.6412,BRL/L,Indicador CEPEA/Esalq - Etanol Hidratado Combustivel (usinas de Sao Paulo),https://cepea.org.br/br/indicador/etanol.aspx,2026-09-18,Sao Paulo - Brasil,Semana de 14 a 18/09/2026,Indicador de mercado spot,Alta (CEPEA-Esalq/USP e referencia de mercado reconhecida no setor sucroenergetico),Preco de usina em SP; nao inclui frete/tributos para outras regioes (ex. MG); alta volatilidade semanal (+7.27% na semana consultada)
E13,economia,preco_etanol_anidro_CEPEA,2.9128,BRL/L,Indicador CEPEA/Esalq - Etanol Anidro,https://cepea.org.br/br/indicador/etanol.aspx,2026-09-18,Sao Paulo - Brasil,Semana de 14 a 18/09/2026,Indicador de mercado spot,Alta,Mesma ressalva de E12
E14,economia,custo_producao_etanol_1G,1.15,BRL/L,"Agencia FAPESP, citando Antonio Bonomi (CTBE/CNPEM)",https://agencia.fapesp.br/etanol-de-segunda-geracao-podera-ser-economicamente-viavel-a-partir-de-2025/26272,2017-09-28 (dado original de 2014),Brasil,2014,Simulacao de processo (CTBE),Alta (instituicao de pesquisa federal CNPEM/CTBE),"Etanol de CANA (1a geracao), nao de soro de leite - usado apenas como ordem de grandeza de custo de producao industrial de etanol no Brasil. Valor nominal de 2014, nao corrigido pela inflacao."
E15,economia,custo_producao_etanol_2G_enzimas,20-40,% do custo total de producao,"Agencia FAPESP, citando CTBE/CNPEM",https://agencia.fapesp.br/etanol-de-segunda-geracao-podera-ser-economicamente-viavel-a-partir-de-2025/26272,2017-09-28,Brasil,2014,Estudo de processo,Alta,"Refere-se a etanol 2G LIGNOCELULOSICO (bagaco de cana), processo distinto do deste projeto (hidrolise enzimatica de lactose). Usado apenas como referencia de ordem de grandeza."
E16,economia,tarifa_energia_industrial_CEMIG_A4,consumo ponta 0.66001 / fora-ponta 0.48077 (BRL/kWh); demanda 23.77 (BRL/kW),BRL/kWh e BRL/kW,"CEMIG - Tarifas Vigentes (Grupo A4, bandeira verde)",https://www.cemig.com.br/valores-e-tarifas/tarifas-vigentes/,2026-09-24 (consulta),Minas Gerais - Brasil (mesma concessionaria da regiao de Lavras),Vigente na data de consulta,Tabela tarifaria oficial da distribuidora,Alta (fonte oficial da concessionaria que atende a regiao do projeto),Tarifa binomial (nao e um unico valor por kWh); pagina consultada nao informa data de inicio de vigencia explicita. Nao inclui tributos (ICMS/PIS/COFINS).
E17,economia,preco_lactase_varejo,40.00,BRL / caixa de 30 capsulas de 376 mg,Dado do proprio relatorio do projeto (compra em farmacia),N/A (dado do relatorio),2026-09 (data da compra),Lavras - MG,2026,Compra direta,Alta (dado primario do proprio projeto),"GAP: preco de VAREJO/farmaceutico, nao de insumo industrial a granel. Nao encontrada fonte institucional de preco industrial de lactase em kg. Proxy conservador (limite superior de custo)."
E18,economia,preco_fermento_varejo,2.50,BRL / pacote (comercio local),Dado do proprio relatorio do projeto,N/A (dado do relatorio),2026-09,Lavras - MG,2026,Compra direta,Alta (dado primario do proprio projeto),"GAP: mesma ressalva de E17 - preco de varejo, nao industrial."
E19,bioetanol,rendimento_etanol_soro_hidrolisado_com_lactase,~2,% (unidade exata nao confirmada no resumo - provavelmente % v/v ou m/v),"O'Leary, V.S.; Green, R.; Sullivan, B.C.; Holsinger, V.H. Alcohol production by selected yeast strains in lactase-hydrolyzed acid whey. Biotechnology and Bioengineering, v.19, p.1019-1035 (USDA ARS Eastern Regional Research Center)",https://analyticalsciencejournals.onlinelibrary.wiley.com/doi/abs/10.1002/bit.260190706,1977,EUA (USDA),Fermentacao em batelada de soro de queijo cottage com 80-90% da lactose pre-hidrolisada por lactase,Fermentacao com Kluyveromyces fragilis e Saccharomyces cerevisiae; K. fragilis completou a fermentacao do acucar em 120h a 30C no soro hidrolisado (vs 72h no soro nao hidrolisado),"Media (resumo indexado; texto completo bloqueado por paywall - valor de rendimento ~2% nao confirmado no texto completo)","REFERENCIA MAIS PROXIMA DA ROTA BIOLOGICA DO PROJETO encontrada ate agora: usa lactase para hidrolisar a lactose ANTES da fermentacao (nao Kluyveromyces fermentando lactose direto, como em E08-E10). Achado relevante do resumo: Saccharomyces cerevisiae fermentou a glicose liberada mais rapido que K. fragilis, mas a fermentacao da galactose (a outra metade do acucar liberado pela hidrolise da lactose) so ocorreu em condicoes especificas - isso sugere um limite biologico adicional (alem do teor alcoolico nunca medido) que pode reduzir o aproveitamento da lactose hidrolisada pela rota deste projeto (lactase + S. cerevisiae). Nao confirmado no texto completo (paywall)."
E20,bioetanol,relatorio_usda_viabilidade_industrial,N/A,N/A,"USDA Rural Business and Cooperative Programs. Research Report 214: Whey to Ethanol.",https://www.govinfo.gov/content/pkg/GOVPUB-A109-PURL-LPS110273/pdf/GOVPUB-A109-PURL-LPS110273.pdf,Nao determinado (relatorio historico USDA),EUA,Nao determinado,Relatorio tecnico-economico de viabilidade industrial (USDA),"Nao verificavel (PDF escaneado, sem camada de texto - nao foi possivel extrair os numeros automaticamente)","GAP: relatorio oficial do USDA especificamente sobre viabilidade de plantas industriais de etanol de soro de leite - exatamente o tipo de fonte que faltava para o gap de escala industrial do projeto (custo de planta, balanco energetico). Identificado mas nao lido (PDF e imagem escaneada, sem OCR); citado como referencia para eventual leitura manual. Valores NAO usados no modelo."
E21,economia,preco_lactase_granel_comercial,240-420,USD/kg (grau alimenticio; pedido minimo de 1 kg a 1000 kg dependendo do fornecedor),Cotacoes de fornecedores comerciais online de enzima lactase grau alimenticio (enzymes.bio; fornecedor indiano via marketplace B2B),https://enzymes.bio/product/food-grade-lactase-liquid/ ; https://www.accio.com/supplier/bulk-lactase,2026-09 (consulta),Internacional (EUA e India),Vigente na data de consulta,Cotacao de fornecedor B2B online (nao e nota fiscal nem contrato de compra verificado),"Baixa/Media (cotacoes de sites comerciais/marketplaces B2B, nao e preco confirmado por compra real nem fonte institucional/academica; varia por volume, pureza e negociacao)","GAP parcialmente coberto (ainda nao e um preco industrial confirmado por compra real, mas e a melhor cotacao de granel encontrada): mesmo sendo cotacoes online nao verificadas, US$240-420/kg e uma fracao do preco de varejo/farmacia usado no modelo do projeto (R$40,00 por caixa de 30 capsulas de 376 mg = equivalente a R$3.546,00/kg). Isso reforca a hipotese ja registrada em data/README.md de que o modelo economico do projeto SUPERESTIMA o custo de insumo lactase. Nao usado para recalcular o modelo oficial do projeto - fica como referencia direcional para a IA poder contextualizar a pergunta sobre custo industrial."
